word,count
bitcoin,1574
price,1449
crypto,1433
market,1388
asset,885
new,829
token,804
first,655
million,625
investor,590
user,571
digital,568
could,565
coin,540
finance,493
xrp,487
like,475
investment,471
financial,467
potential,460
also,454
company,450
ethereum,445
trading,445
support,443
project,437
platform,415
btc,410
exchange,394
future,394
billion,380
presale,358
time,353
network,352
one,350
cryptocurrency,343
ai,341
significant,332
key,328
blockchain,325
strategy,321
http,312
institutional,310
risk,310
eth,306
etf,306
may,297
level,296
move,295
data,294
buy,291
growth,290
high,286
ecosystem,285
strong,284
opportunity,283
wallet,279
global,276
holding,275
meme,273
community,271
august,270
major,269
post,266
mutm,263
early,262
analyst,262
interest,261
u,259
momentum,258
july,253
adoption,251
altcoins,250
transaction,248
value,247
still,247
broader,246
mutuum,243
development,241
trader,240
security,239
offer,238
position,236
trend,234
daily,233
next,232
phase,231
appeared,231
top,226
volume,226
supply,226
year,226
capital,224
already,222
regulatory,218
current,217
launch,215
gain,214
recent,212
stablecoin,211
around,208
across,206
make,203
coinbase,202
even,201
growing,201
bank,201
system,200
defi,196
trump,196
according,195
volatility,195
bullish,194
sentiment,194
however,191
access,191
traditional,190
model,190
show,189
often,188
within,188
decentralized,186
solana,185
demand,184
utility,182
total,179
service,179
trade,179
strategic,179
payment,179
increase,178
day,177
holder,176
activity,175
signal,175
making,173
hold,171
action,171
among,171
share,169
world,168
win,168
technical,167
infrastructure,166
team,166
protocol,165
would,165
listing,165
real,165
spartan,165
prediction,164
liquidity,163
drop,163
ratio,163
many,162
might,162
clear,162
binance,162
use,162
month,161
long,161
impact,160
foundation,160
treasury,159
best,159
shift,157
without,156
rate,156
including,155
remains,154
technology,154
short,153
reward,152
cryptocurrencies,151
challenge,150
chart,150
news,150
contract,149
continue,149
discover,149
loss,148
toward,147
past,147
low,147
analysis,147
mining,147
innovation,146
fund,146
return,146
pressure,146
firm,146
currency,146
set,145
point,145
offering,142
catch,142
said,141
resistance,140
movement,140
chasing,140
leading,140
click,138
last,137
rally,137
industry,137
newest,137
latest,135
corporate,135
surge,134
attention,134
near,133
need,133
week,132
economic,131
open,131
ripple,131
currently,130
crucial,128
website,128
shib,128
help,127
another,126
higher,126
staking,126
plan,126
live,125
today,125
report,125
altcoin,124
pepe,124
stage,123
see,123
potentially,123
stablecoins,123
breakout,122
decision,122
indicator,121
hour,121
x,121
mean,121
reserve,121
public,121
space,120
confidence,120
article,120
trust,119
critical,119
average,119
business,119
tool,119
large,119
whale,119
back,118
rise,118
spot,117
feature,117
based,117
selling,116
cardano,116
since,115
social,114
sec,113
landscape,113
range,113
smart,112
base,112
approach,112
reach,112
increased,111
player,111
despite,111
event,111
beyond,110
get,110
official,110
focus,110
worth,109
economy,109
due,109
uk,109
especially,108
reading,108
building,108
regulation,108
directly,108
raised,108
tariff,107
benefit,107
remittix,107
used,106
say,106
outflow,106
robust,105
role,105
game,104
understanding,104
experience,104
insight,104
common,104
product,103
revenue,103
seen,103
concern,103
bitcoinworld,102
continues,102
lead,102
release,102
tabloid,102
inflow,102
buying,101
entry,101
ahead,101
term,101
withdrawal,101
expected,100
medium,100
period,100
change,100
following,100
include,100
cycle,100
fast,99
tron,99
decline,99
dynamic,98
betting,98
cap,97
active,97
wave,97
participant,97
advice,97
bonus,97
inu,97
power,97
sell,96
hit,95
made,95
legal,95
mark,95
rising,95
update,95
hodl,95
lower,94
follow,94
recently,94
play,94
dydx,94
source,93
evolving,93
developer,92
designed,92
zone,92
bull,92
research,92
come,92
credit,92
view,92
right,91
part,91
question,91
policy,91
usdt,91
bearish,91
inflation,91
ada,91
secure,90
increasing,90
stand,89
framework,89
suggests,89
country,89
invest,89
number,88
target,88
sol,88
solution,87
whether,87
performance,87
satoshi,87
partnership,86
buyer,86
case,86
run,86
address,86
remain,86
group,86
built,85
structure,85
powerful,85
tax,85
full,85
related,85
shiba,85
stock,85
funding,85
moving,84
specific,84
explore,84
several,84
announced,84
sign,84
telegram,84
portfolio,84
liquidation,84
layer,83
consider,83
sector,83
stability,83
act,83
ruvi,83
build,82
highlight,82
management,82
integration,81
order,81
way,81
individual,81
fee,80
uncertainty,80
face,80
information,80
look,80
sonic,80
showing,79
step,79
place,79
factor,79
provide,79
looking,79
suspension,79
money,78
provides,78
lending,78
every,78
process,78
correction,77
per,77
likely,77
accumulation,77
giveaway,77
become,76
substantial,76
option,76
cost,76
particularly,76
massive,76
upside,76
gaming,75
break,75
strength,75
initiative,75
fundamental,75
balance,75
transfer,75
added,75
exposure,75
june,74
pool,74
two,74
direct,74
significantly,74
shaping,74
end,74
institution,74
account,74
retail,74
purchase,74
application,73
big,73
different,73
issue,73
deposit,73
push,72
allows,72
multiple,72
learn,72
take,72
start,72
doge,72
behind,71
using,71
carbon,71
operation,71
lilpepe,71
speed,70
clarity,70
yet,70
card,70
core,70
rather,70
gaining,69
announcement,69
keep,69
raise,69
visit,69
sold,69
forecast,69
list,68
underlying,68
link,68
